streaming_rank,artist,lead_streams,featured_streams,Tracks,1b+,100m+,10m+,1m+,last_update
1,Drake,44536306403,17365495866,250,5,116,242,245,02/04/22
2,Ed Sheeran,33626490825,2470098686,214,9,58,161,191,02/03/22
3,Bad Bunny,31591913975,4259239853,141,3,87,134,140,02/05/22
4,Ariana Grande,29293717743,1853878508,181,4,63,125,175,02/05/22
5,The Weeknd,29162520751,3653938791,177,6,67,142,159,02/05/22
6,Justin Bieber,28202643473,8166454424,221,6,53,167,193,02/05/22
7,Post Malone,26801278231,2197884551,82,8,53,65,66,02/05/22
8,Eminem,26629980366,3743848368,278,3,58,221,257,02/05/22
9,Taylor Swift,26047353974,332167296,319,1,72,245,309,02/05/22
10,BTS,23383114304,228285591,253,1,86,197,253,02/05/22
11,J Balvin,23317542470,9243236186,233,2,63,137,214,02/05/22
12,Kanye West,21543324917,5101637399,237,0,56,188,215,02/05/22
13,Billie Eilish,20535450868,0,62,4,41,57,61,02/05/22
14,Juice WRLD,19908917224,2925051878,115,1,55,108,114,02/05/22
15,Coldplay,19293972991,0,296,4,31,161,272,02/05/22
16,Ozuna,19284107500,6950804227,207,1,46,146,190,02/02/22
17,XXXTENTACION,19223757089,2413377656,131,6,40,103,121,02/05/22
18,Khalid,19179695071,2470259407,110,6,37,85,103,02/02/22
19,Imagine Dragons,18719601401,59187165,145,4,37,107,127,02/05/22
20,Dua Lipa,18646545025,304554358,190,5,32,75,161,02/05/22
21,Travis Scott,18607506940,8730522004,112,3,42,90,106,02/05/22
22,Rihanna,18478408935,7388115149,273,1,44,109,198,02/05/22
23,Maroon 5,17885419776,17080,238,4,28,105,194,02/05/22
24,Shawn Mendes,17153383612,41691426,125,4,31,93,121,02/04/22
25,David Guetta,16754947897,1073928030,656,1,43,132,364,02/05/22
26,Calvin Harris,16108379138,382884731,218,2,28,81,174,01/29/22
27,Bruno Mars,15769181591,3473673302,78,4,31,60,72,02/04/22
28,Daddy Yankee,15762014545,4964996168,340,3,39,87,203,02/05/22
29,Sam Smith,15539013568,263960615,139,3,30,80,131,02/05/22
30,Queen,14787348316,30761102,557,4,23,89,398,02/05/22
31,Kendrick Lamar,14652213419,7875334593,102,1,32,90,96,02/05/22
32,The Chainsmokers,14351299180,381349765,174,3,24,72,150,01/30/22
33,One Direction,13943991229,0,126,0,40,102,118,12/31/21
34,Chris Brown,13732766210,7803996315,395,0,36,185,324,02/05/22
35,Beyoncé,13689083562,1898945339,342,1,32,152,246,02/05/22
36,Future,13532541811,8255367726,460,1,26,204,338,01/31/22
37,Sia,13410687404,2856769173,316,3,26,105,228,01/04/22
38,Nicki Minaj,13374055681,10132382259,160,1,32,113,153,02/02/22
39,Lady Gaga,13125311707,85988584,306,1,26,104,188,02/05/22
40,Halsey,12930660338,1403256651,155,3,23,93,127,02/04/22
41,Selena Gomez,12825850769,1919340677,134,3,23,80,120,02/05/22
42,J. Cole,12658142576,2850924701,150,1,33,108,133,12/31/21
43,Anuel AA,12563296450,4131083587,153,0,31,115,145,02/05/22
44,The Beatles,12398245685,0,789,0,31,173,437,02/05/22
45,Adele,12251997166,32312584,70,3,24,59,69,02/05/22
46,Maluma,12181046161,5391226246,183,0,32,124,174,02/03/22
47,Katy Perry,11972966095,976423057,181,0,31,84,141,12/29/21
48,Twenty One Pilots,11924812918,43350,90,3,34,74,84,02/03/22
49,Marshmello,11612641080,517135134,142,4,17,83,132,01/13/22
50,Linkin Park,11580489687,44817799,346,1,28,108,276,02/05/22
51,Lil Uzi Vert,11549980209,5524597197,128,1,29,116,127,01/31/22
52,Kygo,11483923454,1346006667,100,1,27,83,99,12/31/21
53,Avicii,11411367905,387905766,245,1,18,86,155,01/27/22
54,Farruko,10747533813,6025727331,337,0,28,114,279,02/03/22
55,Lana Del Rey,10460288846,641800634,162,0,30,109,150,02/05/22
56,Camila Cabello,10360132939,2050405384,48,2,23,41,46,02/05/22
57,Jason Derulo,10191500900,660691980,190,0,27,64,130,01/17/22
58,Demi Lovato,9677572747,1393265812,231,0,23,86,186,12/28/21
59,Red Hot Chili Peppers,9595656636,3377239,249,0,17,110,201,02/05/22
60,Rauw Alejandro,9575659718,1560729981,164,0,27,89,133,02/05/22
61,Shakira,9468540274,1057607750,231,0,23,85,194,01/26/22
62,Arctic Monkeys,9445649193,2301444,133,1,18,85,133,02/05/22
63,Nicky Jam,9266294031,8492374094,228,0,26,86,154,01/29/22
64,OneRepublic,8866957304,205989300,150,1,25,73,129,02/03/22
65,Panic! At The Disco,8754132000,609099358,135,1,20,79,127,12/16/21
66,Miley Cyrus,8745782906,848665114,176,0,16,84,154,02/04/22
67,Martin Garrix,8744079702,79466081,181,1,16,76,145,02/03/22
68,Michael Jackson,8606251340,511155089,344,1,21,89,233,02/05/22
69,Harry Styles,8558117988,1338702,26,2,23,24,25,02/05/22
70,KAROL G,8542221006,496160251,78,1,24,58,74,02/05/22
71,Doja Cat,8511085608,1462126888,79,1,19,59,73,02/05/22
72,G-Eazy,8413491537,2147434113,222,1,15,109,204,01/26/22
73,Pitbull,8387968827,2794893538,387,0,20,79,208,01/17/22
74,Cardi B,8242095650,5701479609,66,1,17,50,64,02/05/22
75,Major Lazer,8209538978,570965984,258,3,14,64,169,01/07/22
76,Ellie Goulding,8172395841,640020409,163,1,16,67,129,02/03/22
77,Charlie Puth,8155303026,205840119,99,3,11,54,85,02/05/22
78,DaBaby,8101253255,4201338948,140,2,16,76,123,01/31/22
79,Sebastian Yatra,8092381224,775321071,110,0,27,73,99,02/05/22
80,Lil Wayne,8022857187,11556323762,476,0,18,108,301,01/25/22
81,Young Thug,7992815075,8427759332,351,0,17,123,215,02/03/22
82,Sech,7972891214,2561790062,118,0,22,66,104,02/02/22
83,Wiz Khalifa,7927463688,6161211558,406,1,19,104,289,01/13/22
84,21 Savage,7799189894,5009284725,151,0,20,81,121,01/31/22
85,Lil Baby,7782813527,7185828331,167,0,18,110,155,02/03/22
86,Diplo,7731600673,1670654046,358,0,22,82,199,02/04/22
87,Fall Out Boy,7731584309,36617979,199,0,16,95,164,02/02/22
88,Mac Miller,7682293280,618716307,207,0,16,117,192,02/04/22
89,Logic,7667331457,1806196406,163,1,14,120,161,02/05/22
90,Migos,7659031654,3203498625,280,0,16,82,184,02/05/22
91,Pop Smoke,7584055937,763034454,97,0,17,79,96,01/21/22
92,Myke Towers,7566930319,4126001703,159,0,22,91,148,02/03/22
93,Metallica,7564930226,4258200,451,0,13,100,261,02/04/22
94,Tyga,7517982570,3785198768,298,1,19,97,252,01/16/22
95,John Mayer,7463854016,465170779,197,0,16,117,172,01/13/22
96,Alan Walker,7456932341,1672133772,149,1,15,60,117,02/01/22
97,P!nk,7454387579,543792389,234,0,21,81,159,02/05/22
98,Lil Peep,7406293302,289736825,101,0,21,86,99,02/03/22
99,ZAYN,7325506356,227969287,85,3,15,67,84,02/05/22
100,DJ Snake,7267972860,1852180021,143,2,10,50,99,12/31/21
101,James Arthur,7240390640,67643241,134,1,13,59,120,02/04/22
102,AC/DC,7223764016,0,311,0,10,78,238,02/05/22
103,Lauv,7219336624,126852955,96,1,21,60,89,01/27/22
104,Macklemore,7202733001,79579435,101,1,13,58,93,12/12/21
105,Little Mix,7200880382,9366113,209,0,18,100,155,02/05/22
106,Lil Nas X,7169935723,0,33,3,10,30,32,02/02/22
107,Zedd,7153706860,946894476,138,3,13,38,96,02/04/22
108,Trippie Redd,7084836958,2695283316,189,0,21,118,175,02/02/22
109,Bob Marley & The Wailers,7023048628,48398127,593,0,14,74,351,02/03/22
110,A$AP Rocky,6879064923,4730304646,94,0,16,68,88,01/31/22
111,5 Seconds of Summer,6839858562,489333974,159,1,12,93,156,02/05/22
112,NF,6830868498,124397014,81,1,15,81,81,02/04/22
113,A Boogie Wit da Hoodie,6821841575,2900811979,125,0,16,95,123,02/03/22
114,Kodak Black,6811157604,1681070555,212,0,15,83,196,01/29/22
115,Elton John,6764749772,294960375,886,0,14,55,243,01/27/22
116,Robin Schulz,6663086227,302107749,209,0,14,50,139,12/12/21
117,Frank Ocean,6661909369,2067883250,45,0,20,45,45,02/04/22
118,Gunna,6652579024,3996297603,174,0,12,99,161,02/05/22
119,Bebe Rexha,6650977802,3212836076,116,2,14,55,94,02/05/22
120,Olivia Rodrigo,6636454029,1571377,37,2,12,22,34,02/05/22
121,Metro Boomin,6597736875,196394836,118,0,16,72,92,01/28/22
122,Romeo Santos,6581672541,1007004541,125,0,20,77,102,01/20/22
123,Justin Timberlake,6572572122,1919785334,170,1,13,66,110,02/05/22
124,Green Day,6571954040,457708,373,0,12,76,297,01/30/22
125,YoungBoy Never Broke Again,6403926288,1091126643,348,0,7,160,323,02/05/22
126,DJ Khaled,6403098734,177306332,167,1,13,59,122,12/18/21
127,Zara Larsson,6364094374,484539560,83,2,12,43,77,01/29/22
128,Clean Bandit,6339123268,23119732,154,2,9,37,113,12/11/21
129,Anne-Marie,6338922134,750872384,129,3,10,41,95,02/01/22
130,Luis Miguel,6319862659,1492404,312,0,13,114,264,02/05/22
131,Lewis Capaldi,6281523135,0,48,2,9,28,44,02/01/22
132,Michael Bublé,6247453995,299131179,223,0,17,89,183,01/15/22
133,"Tyler, The Creator",6190452230,1221037062,153,0,18,92,109,02/04/22
134,Enrique Iglesias,6187490248,317073976,281,0,13,69,176,02/04/22
135,Black Eyed Peas,6153800721,71931486,204,0,13,41,121,02/05/22
136,BLACKPINK,6119349805,477111041,99,0,18,43,99,01/21/22
137,Pink Floyd,6083896622,0,516,0,11,92,266,02/05/22
138,SZA,6037191327,1943959800,40,1,17,33,39,02/04/22
139,Jonas Blue,5998747209,104449221,151,0,9,35,94,01/23/22
140,Ty Dolla $ign,5995451623,9759377899,187,0,14,73,156,01/25/22
141,The Rolling Stones,5986849846,5983118,1015,0,12,61,350,02/05/22
142,Nirvana,5958615207,0,298,1,11,55,203,02/05/22
143,Flo Rida,5941579693,1573256313,225,0,11,42,94,12/25/21
144,Tiësto,5939391588,1054455192,600,0,13,73,278,10/17/21
145,Luis Fonsi,5934763237,385818632,176,2,9,38,117,01/17/22
146,blackbear,5905651890,1388373223,148,0,10,90,130,02/01/22
147,JAY-Z,5885308182,5313756299,305,0,10,73,232,01/24/22
148,$uicideboy$,5862135779,206820312,300,0,9,124,297,02/03/22
149,Machine Gun Kelly,5861444888,865411997,115,0,13,88,106,02/02/22
150,Fleetwood Mac,5811783829,517971,706,0,11,42,226,01/12/22
151,Britney Spears,5808831388,556417002,290,0,17,56,171,02/05/22
152,Russ,5776788179,109309070,354,0,14,102,239,02/05/22
153,Guns N' Roses,5764717744,0,135,1,10,49,105,02/05/22
154,Reik,5691352577,285111769,165,0,14,71,138,01/26/22
155,Bastille,5639923728,146316086,189,2,10,70,143,02/04/22
156,Banda MS de Sergio Lizárraga,5619610011,3236588,226,0,17,95,209,01/25/22
157,Childish Gambino,5598592183,553893914,85,1,11,62,82,01/19/22
158,Anitta,5586102080,1352836900,154,0,19,79,142,02/05/22
159,Marília Mendonça,5574690198,1294801289,117,0,18,104,110,02/05/22
160,Camilo,5558966861,755693266,39,0,20,35,38,02/05/22
161,Skrillex,5505509695,1565908966,145,0,14,69,130,01/29/22
162,Kid Cudi,5478471519,1229075045,142,0,10,83,138,01/24/22
163,2Pac,5450241901,302770510,317,0,15,70,233,02/05/22
164,Mariah Carey,5421349519,350425668,645,1,11,65,241,01/15/22
165,Alessia Cara,5401843418,1542411709,136,2,8,39,79,02/05/22
166,Hozier,5389354046,148056,66,1,14,45,64,01/02/22
167,Gorillaz,5365848193,1232398,278,0,8,93,193,02/05/22
168,Big Sean,5359466037,5706367516,150,0,13,68,126,01/25/22
169,Usher,5355759972,2952342788,254,0,15,52,162,02/04/22
170,50 Cent,5351605974,2367205367,214,0,14,57,145,02/05/22
171,David Bowie,5343279694,30308275,1296,1,12,58,299,02/05/22
172,Polo G,5243735722,1611178751,74,0,11,65,74,02/03/22
173,Becky G,5181353755,1281156146,90,0,14,49,88,02/05/22
174,The Neighbourhood,5165732769,338551,90,1,8,65,90,01/22/22
175,Lorde,5158186315,265944329,55,0,17,38,50,11/10/21
176,The Kid LAROI,5140225804,675939616,48,1,13,40,46,02/04/22
177,The Killers,5134633078,297990,204,1,8,66,138,02/05/22
178,Ava Max,5074660949,192374895,97,1,12,34,69,02/05/22
179,Jhay Cortez,5072860943,748236972,81,1,8,42,78,02/02/22
180,Foo Fighters,5070620090,9247,237,0,11,74,162,02/01/22
181,Meek Mill,5050973073,1869591085,438,0,7,90,190,01/30/22
182,Luke Combs,5007266962,133136227,56,0,13,55,56,02/05/22
183,Tory Lanez,4982677093,2440055351,228,0,12,81,197,01/31/22
184,John Legend,4980626499,2256778717,245,1,6,62,186,01/17/22
185,Meghan Trainor,4979845149,969585773,138,0,10,53,111,02/05/22
186,Daft Punk,4967410465,3041330150,181,0,9,74,136,02/03/22
187,blink-182,4956016896,55035467,184,0,10,86,172,01/01/22
188,U2,4953467794,268021527,515,0,7,76,287,01/29/22
189,Led Zeppelin,4946017404,103950,240,0,11,62,189,02/05/22
190,French Montana,4873054883,3046541784,555,1,11,50,128,05/26/21
191,Rita Ora,4838525863,696335943,126,0,13,39,85,02/05/22
192,Rae Sremmurd,4829586480,517153940,61,0,12,41,59,01/09/22
193,Troye Sivan,4824626257,824568480,102,0,12,54,84,01/26/22
194,Radiohead,4775311279,1856272,232,0,6,89,197,02/05/22
195,Mumford & Sons,4766207333,15744008,121,0,10,66,109,01/27/22
196,Manuel Turizo,4755790182,2010950960,60,0,15,42,58,12/09/21
197,Megan Thee Stallion,4751456022,1041218421,114,0,11,42,93,12/26/21
198,Gucci Mane,4749052572,4775302173,2186,0,5,76,301,01/01/22
199,The 1975,4738151489,140856515,132,0,11,75,129,01/10/22
200,System Of A Down,4727967250,416134,84,0,9,68,78,02/05/22
201,6ix9ine,4715222275,1038639538,58,0,16,36,53,12/31/21
202,Jack Johnson,4688874682,29344185,179,0,7,78,164,01/26/22
203,Snoop Dogg,4660034231,5513157126,718,0,10,55,259,02/05/22
204,Muse,4655949792,0,244,0,11,84,177,01/27/22
205,Joji,4646799915,634218904,50,0,13,41,50,02/05/22
206,Roddy Ricch,4640520544,2860009343,41,1,14,31,39,12/16/21
207,Jorge & Mateus,4598166780,985354233,257,0,9,92,243,01/08/22
208,Elvis Presley,4586630369,3526051,1876,0,8,70,353,12/13/21
209,The Notorious B.I.G.,4570436716,596015962,153,0,10,53,110,01/23/22
210,Swae Lee,4556067906,5229786526,58,1,10,31,54,01/10/22
211,Don Omar,4533990409,1735417944,228,0,12,53,117,02/04/22
212,Bazzi,4532195206,59381510,37,0,12,32,37,12/20/21
213,Hailee Steinfeld,4510403091,605686976,29,1,10,18,27,01/24/22
214,Playboi Carti,4507657326,1509423015,82,0,11,62,72,02/05/22
215,Paramore,4478970233,531344,113,0,10,66,99,01/31/22
216,Christina Aguilera,4444591798,2331285329,272,0,9,55,160,12/25/21
217,Bon Jovi,4420108939,1254989,325,0,9,38,183,02/04/22
218,Jess Glynne,4416221515,474186612,83,0,10,32,61,02/03/22
219,Julia Michaels,4390019904,1584063360,64,1,7,38,62,02/02/22
220,Oasis,4375050208,0,237,1,6,47,175,01/31/22
221,Ne-Yo,4362001022,1903909803,190,0,11,34,133,01/12/22
222,Disclosure,4349780176,23639764,182,0,7,52,122,01/27/22
223,Melanie Martinez,4342594547,3458477,55,0,15,42,54,02/05/22
224,Tame Impala,4341811263,145536080,95,0,10,58,83,02/03/22
225,Dalex,4322115564,1217038041,124,0,12,42,89,01/23/22
226,Slipknot,4321014292,0,206,0,9,66,173,12/22/21
227,The Lumineers,4306895899,0,81,0,8,48,76,01/25/22
228,Fifth Harmony,4269603053,251991669,75,1,7,46,75,02/05/22
229,Florida Georgia Line,4269196048,2316442237,113,0,14,65,98,01/20/22
230,Justin Quiles,4257926826,3619821715,157,0,10,64,121,01/14/22
231,Christian Nodal,4257419818,372303455,58,0,12,47,57,02/05/22
232,Cheat Codes,4244935054,279211217,136,0,7,39,82,11/08/21
233,Alicia Keys,4235520603,1203032522,249,0,7,53,167,02/03/22
234,Chance the Rapper,4230023998,4000073854,101,0,12,47,85,01/26/22
235,Felix Jaehn,4220719529,227877670,156,1,11,33,88,09/04/21
236,Sean Paul,4214324717,3570194223,408,0,10,44,156,12/27/21
237,Frank Sinatra,4203662945,54954665,1860,0,9,69,299,06/25/21
238,Tove Lo,4198901167,1293777057,136,0,6,61,105,01/28/22
239,Kings of Leon,4197984949,0,121,0,5,67,107,01/03/22
240,6LACK,4187669033,800494839,77,0,10,59,77,01/26/22
241,Piso 21,4159992612,59739592,81,0,11,30,70,01/15/22
242,Labrinth,4149228846,358121823,125,0,13,38,91,12/31/21
243,ABBA,4142202900,28155,160,0,10,51,139,02/02/22
244,Gusttavo Lima,4139980939,743471032,281,0,7,96,217,01/26/22
245,Natti Natasha,4132573168,1685015716,91,0,9,42,68,02/05/22
246,Five Finger Death Punch,4131801633,0,136,0,8,88,132,01/12/22
247,Luke Bryan,4131531445,415216864,158,0,13,62,131,12/19/21
248,Jason Mraz,4121282356,91921915,237,1,6,46,153,01/13/22
249,Alesso,4115367247,160702390,122,0,9,37,89,01/26/22
250,The Script,4092070983,1294882,94,0,7,50,84,12/23/21
251,Glee Cast,4083938710,0,723,0,0,96,602,01/31/22
252,Florence + The Machine,4054586407,272194,133,0,8,76,123,01/25/22
253,Creedence Clearwater Revival,4048846615,0,130,0,8,33,108,02/04/22
254,Paulo Londra,4044123589,104288137,22,0,12,22,22,02/03/22
255,Bruce Springsteen,4026433660,37150784,785,0,9,55,376,02/05/22
256,Madonna,4014332058,126077223,714,0,7,67,316,02/05/22
257,Alok,4001535869,216566156,188,0,12,62,119,01/22/22
258,Whitney Houston,3984939537,11514459,294,0,9,39,139,02/05/22
259,Zé Neto & Cristiano,3982402180,431848716,164,0,10,78,143,01/08/22
260,TWICE,3976062615,31739640,199,0,11,74,173,02/05/22
261,Galantis,3974455345,75280637,228,0,8,45,145,12/30/21
262,Zion & Lennox,3972787863,2664955655,156,0,11,44,87,10/15/21
263,Kehlani,3962972817,1873779673,110,0,9,74,96,02/01/22
264,Niall Horan,3962315354,381268353,71,0,12,38,65,01/14/22
265,Lenny Tavárez,3938784894,3308263365,92,0,9,46,84,01/31/22
266,My Chemical Romance,3931078018,0,135,0,10,53,116,01/23/22
267,Rammstein,3921813472,0,228,0,10,76,170,01/14/22
268,Kane Brown,3910457943,24532253,94,0,9,53,85,01/09/22
269,Arcangel,3908386492,4508215638,278,0,7,54,188,01/25/22
270,Lil Pump,3906419042,472942240,68,0,10,38,54,12/31/21
271,Macklemore & Ryan Lewis,3906393708,0,48,1,6,29,48,12/29/21
272,Morat,3896718783,365313260,69,0,9,56,68,01/31/22
273,Bryson Tiller,3890332602,1900120229,68,0,7,50,66,01/25/22
274,Morgan Wallen,3883332593,352149203,59,0,11,58,59,02/03/22
275,Nickelback,3874882681,0,148,0,12,53,104,11/20/21
276,Capital Bra,3869974080,607163907,236,0,7,82,183,01/22/22
277,Kelly Clarkson,3853928084,210987464,322,0,8,41,143,02/05/22
278,Jonas Brothers,3849665628,470385851,93,1,9,36,86,12/31/21
279,Avril Lavigne,3829976720,20735073,137,0,10,57,105,01/18/22
280,NAV,3771482146,1846534944,113,0,10,68,113,01/31/22
281,James Bay,3763146014,4014167,77,0,8,40,67,02/01/22
282,Wisin,3751534010,4853476180,114,0,10,39,95,01/11/22
283,Bring Me The Horizon,3751034935,2484094,136,0,11,63,126,02/04/22
284,Thomas Rhett,3746629864,212116986,96,0,14,52,95,01/23/22
285,Alejandro Fernández,3726214937,290368487,313,0,7,69,228,01/07/22
286,YG,3720102605,2341184618,198,0,8,66,133,12/30/21
287,Disturbed,3712510083,0,170,0,6,68,145,01/17/22
288,Aerosmith,3702669150,0,283,0,8,30,151,01/28/22
289,Jennifer Lopez,3691123827,995189882,234,0,10,48,118,02/05/22
290,Vance Joy,3651676809,0,70,1,6,35,53,11/20/21
291,Amy Winehouse,3621853794,228015110,157,0,7,50,90,02/05/22
292,Lil Tjay,3594831191,1659623072,62,0,9,48,60,02/05/22
293,Stevie Wonder,3575598246,249502819,588,0,8,46,150,11/25/21
294,Lil Tecca,3562610969,254994133,73,0,8,38,71,02/02/22
295,Miguel,3551431295,2029325372,136,0,6,46,111,12/30/21
296,Henrique & Juliano,3549520949,688545267,148,0,8,93,141,08/31/21
297,Dr. Dre,3547517577,2000323850,91,0,8,29,79,02/05/22
298,Tones And I,3539889669,816334,29,1,4,14,20,01/08/22
299,Lil Skies,3536257938,727157110,52,0,8,44,52,01/03/22
300,Backstreet Boys,3533747870,164066122,134,0,8,38,123,02/05/22
301,Maná,3524343441,46311411,218,0,10,50,148,01/13/22
302,Jack Harlow,3512321583,1236526225,81,1,6,31,76,02/03/22
303,Kevin Gates,3495948086,546381469,266,0,4,92,206,05/07/21
304,Ryan Lewis,3486320761,0,33,1,6,28,32,06/04/21
305,YNW Melly,3482724243,313558596,80,0,9,32,77,11/17/21
306,Flume,3477893543,72525427,125,0,7,51,117,09/07/21
307,Wisin & Yandel,3477644486,963521792,287,0,10,47,134,01/12/22
308,Kesha,3467618946,1741215258,139,0,8,38,104,02/05/22
309,Yandel,3438503187,2193497804,173,0,8,52,141,01/11/22
310,Nio Garcia,3435652779,118695652,121,0,7,28,92,01/10/22
311,Phil Collins,3421599206,102449363,334,0,9,36,147,02/03/22
312,Duki,3396280634,781789434,132,0,8,56,120,02/02/22
313,Jason Aldean,3380784602,136162995,152,0,8,62,139,01/11/22
314,Prince Royce,3376926461,1308005802,124,0,9,54,113,01/29/22
315,Akon,3375427404,3051060504,197,0,9,34,110,02/05/22
316,Hans Zimmer,3368679488,70151456,1422,0,3,72,475,09/26/21
317,Eagles,3362222580,0,192,0,5,38,115,02/02/22
318,Three Days Grace,3356507035,648246,85,0,8,55,83,02/04/22
319,Matheus & Kauan,3354228373,569881276,160,0,8,72,149,01/12/22
320,Jeremih,3347961211,2985542386,125,0,8,33,92,12/23/21
321,Fetty Wap,3321899161,1492928236,118,0,7,36,69,01/07/21
322,Billy Joel,3320145905,8075524,415,0,9,36,137,01/01/22
323,Aventura,3311972637,273321,133,0,10,41,107,01/24/22
324,Lin-Manuel Miranda,3308821738,202862854,93,0,11,39,75,02/04/22
325,George Ezra,3302355313,36073,60,0,6,34,52,01/29/22
326,Wesley Safadão,3277801718,559574282,278,0,5,58,249,01/14/22
327,The Offspring,3272564040,630894,158,0,7,44,124,01/15/22
328,Avenged Sevenfold,3261328292,2644318,164,0,8,62,135,12/15/21
329,Jessie J,3253389305,59981678,117,0,6,32,97,02/03/22
330,The Strokes,3251956643,2298998,82,0,6,65,73,01/22/22
331,Glass Animals,3249704009,3664747,94,1,4,43,74,01/28/22
332,Lil Mosey,3238704998,434042241,45,0,5,33,45,01/03/22
333,2 Chainz,3229129284,8353942003,409,0,7,52,165,02/04/22
334,Steve Aoki,3228090914,1297146988,389,0,6,60,202,10/17/21
335,benny blanco,3222464704,14380823,20,1,6,12,19,12/31/21
336,Céline Dion,3215854392,45760854,493,0,7,56,245,02/05/22
337,Alejandro Sanz,3197672737,518574572,377,0,6,51,206,01/07/22
338,Dan + Shay,3195200426,22520503,71,0,7,40,65,10/28/21
339,Jul,3187708972,964492121,547,0,0,71,523,01/31/22
340,Mark Ronson,3179435622,1144298345,151,1,4,24,82,02/04/22
341,Trey Songz,3170891478,1333792978,266,0,5,56,183,01/31/22
342,24kGoldn,3161037996,133859265,54,1,7,19,48,12/31/21
343,Ricky Martin,3157335815,404268760,267,0,8,49,133,02/05/22
344,Pentatonix,3156402719,4105588,199,0,2,96,177,01/09/22
345,Why Don't We,3153762831,86038587,92,0,10,53,82,08/08/21
346,CNCO,3149759654,225324639,79,0,6,44,69,02/04/22
347,Lizzo,3149379039,50832266,65,0,7,25,49,01/29/22
348,Seeb,3148225045,13599416,85,1,6,24,56,01/04/21
349,Passenger,3143439133,1885000,216,1,2,44,178,12/27/21
350,Calibre 50,3135174282,75536320,227,0,6,70,167,01/20/22
351,Lukas Graham,3125621646,161986075,61,1,3,25,51,12/12/21
352,Ninho,3112728507,1024274117,145,0,3,99,125,01/29/22
353,H.E.R.,3112661087,406294162,99,0,7,54,91,01/23/22
354,Train,3095392192,0,171,0,8,20,84,01/03/22
355,Pearl Jam,3089500881,1253096,399,0,7,47,226,03/19/21
356,Foster The People,3086315855,30352680,98,1,6,36,73,12/18/21
357,Pablo Alborán,3082096180,209520524,171,0,8,60,159,02/04/22
358,Don Toliver,3078500457,617211605,66,0,5,32,58,01/28/22
359,Ricardo Arjona,3075562508,8147144,345,0,2,68,262,11/26/21
360,Johnny Cash,3068093371,100275517,1561,0,6,47,219,01/04/21
361,Bob Dylan,3066270219,0,1300,0,6,42,314,01/31/22
362,Anderson .Paak,3065736558,1167851250,146,0,5,67,114,01/23/22
363,Marc Anthony,3046455038,1602199745,189,0,6,56,138,01/07/22
364,James Blunt,3010916045,17790461,170,0,6,43,106,01/27/22
365,Daniel Caesar,2989530877,1084395833,37,0,6,33,35,01/01/22
366,Cartel De Santa,2984117699,179459480,136,0,6,60,126,11/30/21
367,Quavo,2969053236,9672810212,80,0,6,43,65,01/31/22
368,Lost Frequencies,2964452146,260605905,413,0,7,26,122,01/26/22
369,Dire Straits,2941401424,3472165,102,0,5,43,97,01/30/22
370,Sam Hunt,2940660923,20722494,60,0,8,33,55,01/23/22
371,PARTYNEXTDOOR,2939827455,1775279725,80,0,8,48,79,02/05/22
372,Bryan Adams,2921731624,136573473,362,0,6,34,127,01/22/22
373,ScHoolboy Q,2909344739,1525812706,88,0,8,48,84,12/31/21
374,Bee Gees,2907628011,52581126,413,0,5,34,106,01/14/22
375,Sigala,2880097855,50716650,103,0,9,31,72,01/31/22
376,Nelly,2870134429,641905638,208,0,8,28,90,01/14/22
377,Maiara & Maraisa,2852965479,654112583,151,0,7,59,145,01/10/22
378,Charli XCX,2851634049,1299987420,193,0,8,42,130,02/05/22
379,Alec Benjamin,2851199891,0,34,0,6,29,33,02/02/22
380,Arijit Singh,2850439764,692034876,474,0,2,77,221,01/09/22
381,Liam Payne,2846537093,16532985,51,0,7,17,39,02/04/22
382,Rudimental,2844040533,19915054,188,0,6,30,112,08/28/21
383,Ski Mask The Slump God,2843328577,990189003,72,0,7,41,70,01/10/22
384,Marvin Gaye,2834639150,38468834,718,0,7,24,111,12/31/21
385,Lil Yachty,2828394787,4327359058,175,0,6,50,146,11/05/21
386,Offset,2824897851,5259885800,46,0,7,28,35,01/07/22
387,Jhené Aiko,2816250913,2387844625,113,0,7,63,93,02/04/22
388,BROCKHAMPTON,2796022734,0,112,0,4,67,108,01/19/22
389,Armin van Buuren,2795922270,189205318,2179,0,4,43,288,09/04/21
390,Blake Shelton,2791490072,242773640,200,0,7,43,128,01/30/22
391,Zac Brown Band,2790718796,10921224,141,0,6,46,108,12/27/21
392,The Vamps,2784124118,0,148,0,8,36,115,01/26/22
393,Carlos Vives,2778295879,205270008,266,0,6,36,144,01/07/22
394,alt-J,2772800173,1148826,136,0,7,37,90,12/17/21
395,Mike Posner,2762957377,275766540,179,1,3,19,69,02/03/22
396,Danny Ocean,2762687106,175628109,48,1,4,22,34,02/01/22
397,Bon Iver,2756547170,743238757,59,0,5,47,55,08/07/21
398,Måneskin,2756283599,3137873,31,0,5,26,29,02/05/22
399,The Police,2753881262,75752,123,1,5,18,83,01/19/22
400,Skillet,2746916180,0,195,0,7,46,113,02/05/22
401,Iron Maiden,2728427575,0,426,0,5,45,268,02/04/22
402,LANY,2727557847,258547114,84,0,8,56,77,11/21/21
403,Rex Orange County,2726949590,305788695,46,0,7,32,40,12/18/21
404,Cage The Elephant,2726510335,2271226,108,0,5,39,84,12/17/21
405,The Black Keys,2708151277,37009,188,0,5,51,135,12/27/21
406,ILLENIUM,2700194502,144782864,199,0,4,54,143,12/02/21
407,Summer Walker,2697749684,855917313,86,0,6,55,73,02/05/22
408,Lil Durk,2692976453,2375289972,302,0,2,51,215,01/11/22
409,Rise Against,2680919997,2695,178,0,4,51,165,12/27/21
410,Birdy,2673337791,83542173,106,0,7,38,90,02/03/22
411,Dean Lewis,2664770895,1590904,37,1,6,21,34,10/05/21
412,Jeremy Zucker,2657586274,132164307,96,0,6,32,81,10/24/21
413,Mau y Ricky,2644781291,253177587,65,0,5,35,63,02/05/22
414,Conan Gray,2644020698,0,26,0,4,25,26,02/02/22
415,A$AP Ferg,2642869727,1309651829,97,0,5,45,90,01/11/22
416,Juanes,2642751818,1807700301,201,0,7,34,114,01/07/22
417,The Doors,2634315025,25610941,715,0,7,45,135,01/22/22
418,Soda Stereo,2630306479,7921,198,0,4,48,172,02/03/22
419,Bizarrap,2622417033,412719575,81,0,5,55,78,02/02/22
420,Madison Beer,2620047908,135741093,52,0,11,26,45,02/01/22
421,Maren Morris,2616553725,501458938,58,1,5,22,48,01/04/22
422,Carly Rae Jepsen,2613411151,61069253,137,0,5,31,99,01/28/22
423,Calum Scott,2604637385,30699559,66,0,6,19,54,12/25/21
424,Weezer,2603426413,4970943,258,0,4,45,190,01/23/22
425,T.I.,2600518493,2416362779,451,0,6,39,201,01/16/22
426,ROSALÍA,2600327599,1620995542,38,0,6,27,38,02/05/22
427,R3HAB,2599363557,1031797301,278,0,3,60,177,04/01/21
428,Bradley Cooper,2593124978,364798,12,1,4,10,10,01/28/22
429,Papa Roach,2589464066,40483575,225,0,4,42,147,01/19/22
430,RAF Camora,2588846229,996321149,387,0,3,58,141,01/13/22
431,Joan Sebastian,2582480480,35962481,487,0,5,46,264,01/06/22
432,Journey,2579814615,3521,265,1,5,17,87,01/26/22
433,Mabel,2579807933,4970449,125,0,6,21,75,01/30/22
434,Korn,2579463298,8726455,292,0,4,46,197,02/04/22
435,Chris Stapleton,2575408229,567810336,60,0,7,44,59,01/01/22
436,Lunay,2572585273,773782951,56,0,6,28,52,01/23/22
437,iann dior,2568052953,512357562,67,0,8,39,53,01/21/22
438,The Cure,2555717222,1192563,544,0,6,24,170,01/27/22
439,Juan Gabriel,2538927985,98418039,481,0,2,56,232,01/07/22
440,SAINt JHN,2537071851,117205741,55,1,2,31,53,12/24/21
441,Boyce Avenue,2527510203,172556,414,0,0,59,325,03/09/21
442,Iggy Azalea,2525471023,1052672660,108,0,6,28,68,02/05/22
443,Os Barões Da Pisadinha,2525281574,50493879,151,0,6,64,125,01/10/22
444,EXO,2511981624,0,312,0,6,55,162,01/24/22
445,Noah Cyrus,2511749743,114436069,64,0,6,26,58,01/24/22
446,Norah Jones,2501634384,124277481,268,0,4,54,142,01/31/22
447,Paul McCartney,2501230198,372866211,825,0,3,24,171,02/02/22
448,Destiny's Child,2494063720,16926523,166,0,7,18,84,02/05/22
449,Becky Hill,2488929568,28247127,169,0,8,21,66,01/14/22
450,Tim McGraw,2487273067,57458469,265,0,5,50,125,09/04/21
451,Jesse & Joy,2483760157,322030815,110,0,9,37,89,01/31/22
452,John Williams,2473267821,12238904,2125,0,2,27,321,04/25/21
453,Vicente Fernández,2462690509,93650013,851,0,1,53,311,01/31/22
454,Bibi Blocksberg,2454680653,76626,5166,0,0,1,367,10/09/21
455,Eric Church,2449054342,258711103,250,0,4,49,115,11/12/21
456,Imanbek,2447393232,23462835,52,1,2,17,41,02/05/22
457,Nick Jonas,2441773696,51221560,94,0,8,27,73,12/27/21
458,Aminé,2437508426,144878840,72,0,4,38,71,01/24/22
459,Normani,2433204663,98799796,15,0,3,12,15,02/05/22
460,PNL,2429026551,0,72,0,2,66,72,02/01/22
461,NLE Choppa,2428449009,516730294,106,0,5,36,85,12/31/21
462,Hillsong UNITED,2426520824,129624148,354,0,2,56,236,02/04/22
463,Tate McRae,2414897417,3942965,40,0,6,25,39,02/05/22
464,Jon Bellion,2413481606,318703495,84,0,3,44,80,02/02/22
465,The xx,2406415070,8521120,75,0,5,37,65,12/17/21
466,Matoma,2406213160,294439049,118,0,5,32,79,01/16/22
467,Simon & Garfunkel,2404378261,0,172,0,5,24,119,01/03/22
468,Depeche Mode,2402610227,367497,678,0,3,39,262,12/26/21
469,X Ambassadors,2400343308,1128586739,119,0,4,33,87,12/27/21
470,Sabrina Carpenter,2394164309,142778625,88,0,7,37,76,02/04/22
471,Rich The Kid,2394040011,1720811383,156,0,4,41,118,11/21/21
472,The Beach Boys,2391829342,6971557,1404,0,7,27,132,01/21/22
473,Kali Uchis,2390368066,1363126042,65,0,4,48,60,02/05/22
474,Ufo361,2388012925,544661156,234,0,0,67,188,01/15/22
475,Hillsong Worship,2382405691,13420180,830,0,1,59,273,04/17/21
476,Kenny Chesney,2379335824,130548443,277,0,3,48,178,09/16/21
477,La Arrolladora Banda El Limón De Rene Camacho,2377937424,8659502,323,0,3,56,219,03/29/21
478,MARINA,2376297322,6686269,118,0,6,50,91,02/05/22
479,Los Ángeles Azules,2372052568,67465206,311,0,5,53,113,10/19/21
480,Volbeat,2371741552,176473,204,0,5,50,146,02/02/22
481,Breaking Benjamin,2367054041,0,102,0,4,54,97,12/21/21
482,Christina Perri,2364658670,81716647,90,1,3,17,55,12/29/21
483,Bonez MC,2361288245,1463079488,159,0,4,52,110,12/03/21
484,Grupo Firme,2357504587,426887459,199,0,5,50,122,01/05/22
485,R.E.M.,2349647843,278554,691,0,5,18,127,01/27/22
486,MAGIC!,2336632865,192399336,66,0,3,17,53,01/13/21
487,Years & Years,2323577791,80163208,103,0,7,30,72,01/28/22
488,Jimi Hendrix,2317621526,543546,503,0,5,28,135,01/22/22
489,Sam Feldt,2316428982,278689842,148,0,4,44,101,04/22/21
490,JP Cooper,2313756992,41450367,110,0,4,26,78,03/29/21
491,bbno$,2305470630,218063204,144,0,2,37,118,01/29/22
492,El Alfa,2302041489,482098652,174,0,7,40,119,01/31/22
493,KYLE,2300566554,148923993,112,0,5,30,87,02/03/22
494,George Michael,2299676015,26118460,181,0,3,31,118,12/25/21
495,Eric Clapton,2297376676,432236066,641,0,6,23,201,09/22/21
496,Rick Ross,2296030012,4384956598,334,0,4,45,190,12/27/21
497,Kid Ink,2294713265,2561501342,186,0,5,38,130,09/03/21
498,KHEA,2293151420,771500691,75,0,5,41,72,02/02/22
499,The Fray,2286563407,4215111,98,0,5,22,60,01/30/22
500,MEDUZA,2278364238,9103231,45,0,4,10,28,10/26/21
501,Dimitri Vegas & Like Mike,2269766636,105236190,252,0,2,52,135,08/12/21
502,All Time Low,2268594714,1324192,210,0,2,47,167,02/02/22
503,The Game,2260760226,519652828,727,0,6,36,198,10/30/21
504,"Earth, Wind & Fire",2257002271,87348848,390,0,3,20,65,12/31/21
505,Dermot Kennedy,2256439059,0,71,0,4,35,60,01/14/22
506,T-Pain,2255856235,2489989607,213,0,6,28,111,12/30/21
507,Robbie Williams,2253578795,19410883,400,0,6,37,189,12/26/21
508,Milky Chance,2244934773,6370845,68,0,4,31,60,01/03/22
509,Grey,2237009771,17803531,52,1,2,7,21,03/29/21
510,Stormzy,2236159475,928946142,69,0,5,49,67,01/09/22
511,DNCE,2230304692,295426955,31,1,4,18,31,01/04/22
512,AJR,2229775743,92176747,86,0,5,35,61,10/13/21
513,Cali Y El Dandee,2224449136,189298771,68,0,7,33,61,12/23/21
514,Lynyrd Skynyrd,2223038858,325407,362,0,4,15,77,02/05/22
515,Outkast,2220310296,77417373,163,0,4,23,120,01/03/21
516,B.o.B,2216408358,1126272007,417,0,6,22,79,10/13/21
517,Samra,2215292639,248937810,104,0,3,51,104,12/03/21
518,Van Morrison,2214425210,51246387,843,0,4,20,125,01/01/22
519,Rag'n'Bone Man,2206539916,73176907,132,0,3,27,77,12/27/21
520,Jax Jones,2198370899,286794203,60,0,8,16,40,04/27/21
521,Of Monsters and Men,2187145039,3159173,60,0,5,30,53,01/29/22
522,Shinedown,2184966274,12677756,176,0,4,49,116,12/26/21
523,Plan B,2182893856,466831113,116,0,7,28,69,01/27/22
524,The Smiths,2181396613,0,139,0,6,44,105,01/28/22
525,A Day To Remember,2169682450,0,134,0,3,56,124,01/19/22
526,Keith Urban,2168896929,331984245,192,0,6,36,111,01/27/22
527,Stray Kids,2159882241,23965721,125,0,3,71,114,02/03/22
528,C. Tangana,2155565038,147752234,77,0,5,43,75,01/31/22
529,Van Halen,2154234178,24048,207,0,5,24,112,02/03/22
530,Daryl Hall & John Oates,2152950327,26030,532,0,4,12,60,12/24/21
531,Rage Against The Machine,2150821014,0,109,0,4,29,78,01/01/22
532,Black Sabbath,2148751333,12706876,284,0,3,32,115,01/31/22
533,The Cranberries,2144501526,0,263,0,4,20,115,01/07/22
534,Andy Grammer,2141212145,4624318,76,0,5,26,70,12/15/21
535,Aya Nakamura,2136925417,136968336,66,0,5,33,66,02/05/22
536,Quinn XCII,2136519434,143924082,85,0,3,48,85,12/12/21
537,Juan Magán,2132723236,770831049,225,0,5,40,105,07/19/21
538,Ludovico Einaudi,2116061503,2128695,507,0,3,38,221,06/29/21
539,The White Stripes,2114232098,0,172,0,3,21,111,01/03/22
540,Rod Stewart,2112416231,446440796,678,0,4,37,208,01/28/22
541,Casper Magico,2112052946,169816074,94,0,5,20,68,01/13/22
542,De La Ghetto,2111451367,2229899939,155,0,5,35,93,02/02/22
543,Sfera Ebbasta,2107409857,972396850,81,0,1,58,80,01/17/22
544,Topic,2105970904,9678575,95,0,2,20,51,02/01/22
545,Prince,2105963467,3277317,824,0,4,31,168,02/03/22
546,PnB Rock,2097568910,1684987491,103,0,5,34,86,01/08/22
547,Sabaton,2097417633,999548,282,0,1,67,154,01/31/22
548,Brytiago,2094118857,1810424873,77,0,5,35,69,01/11/22
549,Kodaline,2090562897,266552031,123,0,4,31,84,12/17/21
550,Hollywood Undead,2089253005,12917755,138,0,3,66,124,10/24/21
551,Sublime,2089096025,121741,219,0,5,27,115,01/01/22
552,MGMT,2081874489,866711116,85,0,4,20,60,12/18/21
553,Carrie Underwood,2081045586,351755731,159,0,3,36,114,02/05/22
554,Aretha Franklin,2079049151,13000547,906,0,4,27,132,02/05/22
555,Nelly Furtado,2078647675,248523479,210,0,6,14,58,02/01/22
556,Damso,2076565744,601665358,90,0,1,72,89,02/01/22
557,Shaggy,2076084987,458526064,412,0,5,23,95,01/03/22
558,Enya,2062031252,417389129,145,0,3,51,127,01/11/22
559,Evanescence,2060599801,26750,110,0,3,29,90,02/03/22
560,GIMS,2059425846,258300714,175,0,2,45,149,12/02/21
561,Melendi,2052653246,115834448,213,0,2,51,192,12/15/21
562,WALK THE MOON,2046847925,101590178,97,1,3,24,53,02/03/22
563,Axwell /\ Ingrosso,2043412175,2161352,47,0,4,17,38,07/03/21
564,George Strait,2039115916,29155358,444,0,2,44,200,01/22/22
565,TOTO,2027598148,2940202,394,1,3,10,75,06/20/21
566,Rels B,2026937993,16906675,91,0,2,54,88,05/26/21
567,RAYE,2019342079,540112521,88,0,4,28,57,01/16/22
568,Dave,2018001509,106993608,59,0,4,45,58,01/18/22
569,José José,2012694054,119887461,525,0,1,48,177,01/07/22
570,Jay Wheeler,2006233586,404207486,108,0,2,30,84,02/05/22
571,Red Velvet,2000351223,12350984,119,0,6,26,104,02/01/22
572,Don Diablo,1994189382,100923748,238,0,1,56,125,11/03/21
573,Sum 41,1985337879,5611784,127,0,5,31,96,02/05/22
574,Ozzy Osbourne,1984389449,58227939,218,0,3,22,126,02/05/22
575,Scorpions,1980827575,1628754,344,0,5,16,139,06/21/21
576,ODESZA,1980615898,114604652,157,0,2,48,124,09/04/21
577,Marilyn Manson,1970602079,50555551,227,0,4,32,173,01/13/22
578,TINI,1967927049,265360772,66,0,6,29,59,02/04/22
579,Danna Paola,1965483771,494381378,106,0,6,31,69,01/27/22
580,Two Door Cinema Club,1963459935,1846543,140,0,4,30,89,01/28/22
581,Joyner Lucas,1953386035,675568368,87,0,5,34,81,12/31/21
582,Clairo,1952964375,642425055,25,0,7,25,25,01/02/22
583,Bibi und Tina,1951141273,22746305,3428,0,0,1,354,10/09/21
584,Mustard,1949734790,1671534288,74,0,4,17,53,09/03/21
585,Astrid S,1949429525,119709367,103,0,5,35,79,01/04/22
586,Zoé,1949172154,10870475,194,0,6,43,117,01/05/22
587,Jorja Smith,1946965318,410621512,77,0,4,39,62,12/29/21
588,Tainy,1946553010,1251603662,39,0,3,13,29,10/01/21
589,Pedro Capó,1944751418,125128429,69,0,3,11,41,07/25/21
590,Luciano,1942248023,346398056,148,0,0,57,118,12/03/21
591,Bryant Myers,1938711275,1857271122,97,0,4,44,87,11/14/21
592,Colbie Caillat,1931641969,110299398,104,0,3,18,89,01/04/22
593,Rascal Flatts,1926354766,51561061,248,0,4,28,114,01/17/22
594,Ella Mai,1924464206,293474832,37,0,6,34,36,01/23/22
595,gnash,1915854995,271054469,76,1,2,23,60,09/03/21
596,Martin Jensen,1914722449,284446578,77,0,3,21,51,01/14/22
597,Rod Wave,1913484935,51848866,111,0,3,50,109,01/11/22
598,Nacho,1909861548,123482621,111,0,6,24,52,11/04/21
599,Joel Corry,1904425741,14825088,138,0,5,12,51,01/04/22
600,Hardwell,1904378051,239216545,412,0,0,45,157,09/04/21
601,Kontra K,1904257145,186214476,291,0,0,51,170,12/03/21
602,Louis Tomlinson,1900751611,0,42,0,4,20,28,02/03/22
603,Arizona Zervas,1895914520,22523425,31,1,2,15,31,01/25/22
604,Luan Santana,1893114486,230289426,196,0,3,38,151,01/31/22
605,Dolly Parton,1886142994,152238640,950,0,4,17,143,01/29/22
606,David Bisbal,1881444956,352838218,246,0,4,31,122,01/07/22
607,The Smashing Pumpkins,1880131616,0,420,0,5,24,131,01/28/22
608,Mike WiLL Made-It,1878607489,300670285,141,0,5,29,69,01/10/22
609,Noriel,1873865176,1213780774,88,0,4,36,80,11/10/21
610,Carlos Rivera,1873483972,437377632,204,0,3,37,140,10/26/21
611,MC Kevinho,1872428102,277348155,70,0,3,32,56,12/21/21
612,R. Kelly,1872424216,377914860,363,0,2,27,198,12/07/21
613,SEVENTEEN,1866692270,0,135,0,1,54,130,02/02/22
614,Sido,1859254960,473003167,362,0,2,41,176,12/03/21
615,Mac DeMarco,1858140582,41504498,158,0,4,43,111,08/23/21
616,3 Doors Down,1855326422,587256,145,0,3,17,102,10/30/21
617,The Kooks,1853336184,0,241,0,5,28,96,02/03/22
618,Desiigner,1852061331,520531469,51,1,2,14,40,11/21/21
619,The Clash,1850994189,0,236,0,3,22,92,01/29/22
620,Sara Bareilles,1846574683,74016418,187,0,5,22,108,11/05/21
621,Kacey Musgraves,1842987425,122142308,126,0,3,38,93,02/04/22
622,MØ,1836988128,3240131189,118,0,4,31,82,01/02/22
623,Alan Jackson,1834172525,75453285,274,0,2,37,156,11/21/21
624,Natanael Cano,1832755001,176180221,116,0,3,39,107,01/08/22
625,Lord Huron,1830356626,5704158,74,0,3,22,67,12/27/21
626,Joey Bada$$,1830254128,678683208,112,0,3,44,91,02/05/22
627,Ms. Lauryn Hill,1829643082,291730867,89,0,5,25,56,01/19/22
628,M83,1828999337,14999018,237,0,2,20,112,01/18/22
629,Ali Gatie,1828589230,2004084,38,0,4,19,34,10/27/21
630,Jessie Reyez,1827780147,473941136,61,0,3,25,54,01/31/22
631,KISS,1827390409,0,436,0,4,18,138,11/24/21
632,Vampire Weekend,1824230624,0,74,0,2,45,67,01/18/22
633,Fergie,1824083843,176011407,78,0,6,10,45,10/15/21
634,Moneybagg Yo,1818492899,1024657167,252,0,0,48,187,02/03/22
635,Bethel Music,1817317476,0,285,0,0,43,240,09/30/21
636,Marco Antonio Solís,1810212843,595363493,210,0,3,37,153,12/14/21
637,Cosculluela,1809743459,970447166,131,0,4,26,91,12/30/21
638,Annie Lennox,1809402053,27894247,318,0,3,20,81,12/31/21
639,League of Legends,1805200420,1156976984,455,0,4,25,103,01/31/22
640,Maria Becerra,1801870965,287781440,34,0,2,24,34,02/05/22
641,Wham!,1800587100,819826,36,0,2,9,29,01/21/22
642,Jaden,1797223538,1309766537,110,0,2,37,94,11/14/21
643,Stefflon Don,1792910721,311307007,82,0,6,22,61,02/02/22
644,Gotye,1788466941,4367557,56,0,2,9,25,02/07/21
645,Olly Murs,1787747595,27403793,179,0,4,23,112,01/22/22
646,Pharrell Williams,1784741140,5864509754,109,0,2,21,60,01/12/22
647,DMX,1780089558,241461420,301,0,4,22,94,02/05/22
648,Aitana,1777427555,6322648,69,0,6,30,65,02/05/22
649,Aloe Blacc,1775884212,229455652,208,0,4,21,64,11/21/21
650,Apache 207,1773193968,114759520,46,0,4,33,43,12/03/21
651,Leon Bridges,1771814352,186218203,72,0,4,36,70,12/27/21
652,OMI,1765777327,119271377,43,1,2,7,26,10/16/21
653,Willy William,1764613431,325335993,81,1,3,11,27,12/02/21
654,Ha*Ash,1751566734,417289292,125,0,3,37,90,01/31/22
655,James TW,1749161120,4791069,37,0,5,19,34,01/07/22
656,Dierks Bentley,1749093368,159991408,150,0,5,25,87,01/17/22
657,Nat King Cole,1741552406,7838390,1064,0,3,30,111,01/24/22
658,Westlife,1736491477,21239,230,0,3,36,142,12/01/21
659,Regard,1736446486,0,37,0,4,9,24,01/23/22
660,Goodboys,1733504326,3127165,38,0,3,7,15,07/13/21
661,Snow Patrol,1732677384,204347,190,0,2,22,98,01/07/22
662,Gwen Stefani,1729957299,964159880,98,0,4,17,66,02/05/22
663,Limp Bizkit,1729420743,2809309,114,0,5,21,93,02/22/21
664,Queens of the Stone Age,1727550839,58740469,140,0,2,40,106,12/17/21
665,Ciara,1721138509,443804390,157,0,4,23,87,02/03/22
666,Sleeping At Last,1715283824,90559,275,0,3,37,162,07/30/21
667,Chief Keef,1714188263,540604228,555,0,4,24,184,01/22/22
668,Kelly Rowland,1714072094,761721964,146,0,3,15,53,12/30/21
669,Tom Odell,1712455024,41497248,125,0,3,23,72,11/18/21
670,Thirty Seconds To Mars,1711915432,45274414,83,0,4,32,74,09/16/21
671,Nekfeu,1704601377,435566360,95,0,0,64,88,12/02/21
672,Booba,1704427997,632823707,240,0,0,48,194,01/02/22
673,Portugal. The Man,1704124466,40958424,170,0,1,25,86,02/22/21
674,Bill Withers,1703855893,76369166,120,0,4,10,62,01/22/22
675,MAX,1700573975,133270310,141,0,4,26,79,01/03/22
676,La Oreja de Van Gogh,1698575414,58415761,182,0,2,39,161,01/26/22
677,Mötley Crüe,1696759970,0,225,0,4,23,88,01/30/22
678,John Newman,1694415482,366104452,90,0,3,14,59,01/28/22
679,Dilsinho,1693153135,343481185,148,0,4,32,126,01/16/22
680,The Jackson 5,1690647339,2242967,343,0,5,12,48,02/05/22
681,Lofi Fruits Music,1690425100,110241102,1087,0,0,15,448,09/06/21
682,Blueface,1689911586,544175052,92,0,4,26,74,01/22/22
683,El Fantasma,1689393864,43098880,183,0,2,47,136,08/18/21
684,Loud Luxury,1688216803,44501635,129,0,2,21,42,09/04/21
685,Trevor Daniel,1684760342,162409345,48,1,2,12,43,11/07/21
686,ANAVITÓRIA,1684675110,227980346,74,0,3,40,70,01/12/22
687,Santana,1682972727,3307046,614,0,4,24,127,11/23/21
688,Lady A,1681310100,129142508,228,0,3,25,127,01/07/22
689,Ella Fitzgerald,1679101828,11888268,1944,0,2,27,163,01/03/22
690,Thalia,1678979417,283569823,308,0,2,30,126,12/22/21
691,girl in red,1675372984,4401804,29,0,5,21,29,01/31/22
692,Keane,1675260458,576623,194,0,2,23,104,11/01/21
693,The Who,1671018602,0,852,0,6,14,91,12/11/21
694,Ben Howard,1669894664,643029,60,0,4,27,53,12/27/21
695,Lil Dicky,1667883757,120147438,23,0,5,16,23,01/13/22
696,Leona Lewis,1667535825,49902217,133,0,4,17,74,02/05/22
697,Old Dominion,1666388615,2344271,85,0,6,26,55,01/12/22
698,Calle 13,1662465310,101517310,81,0,4,32,76,11/17/21
699,Michael Silverman,1660294072,202368,934,0,0,45,224,02/26/21
700,Sade,1658413138,1370349,117,0,5,37,109,12/16/21
701,Charlie Brown Jr.,1658184473,35913063,278,0,1,31,172,12/02/21
702,Owl City,1651691885,83245272,109,0,2,25,101,08/18/21
703,Gerardo Ortiz,1642590276,411753848,233,0,1,36,170,02/12/21
704,Swedish House Mafia,1641850031,1825989,36,0,5,16,30,10/18/21
705,Bruno & Marrone,1641516050,214399361,412,0,1,36,193,12/04/21
706,Feid,1638808269,2014323293,124,0,2,34,88,01/30/22
707,CHVRCHES,1638501990,5201863,118,0,2,31,84,01/05/22
708,Denzel Curry,1636712842,448314682,118,0,2,40,92,01/27/22
709,Alice In Chains,1634069492,153039,151,0,4,33,101,01/13/22
710,Afrojack,1628200244,1395253007,305,0,2,32,121,05/02/21
711,Niska,1626437153,549636654,109,0,1,44,106,12/02/21
712,Incubus,1624593194,0,229,0,3,28,128,09/02/21
713,Gryffin,1624514140,414715959,120,0,6,24,72,04/23/21
714,Mike Perry,1622103022,25772096,48,0,3,19,40,01/03/22
715,Miranda Lambert,1620758311,179932661,193,0,2,30,154,02/05/22
716,Elevation Worship,1620461758,12831641,240,0,1,34,169,10/01/21
717,Powfu,1617907608,107941893,66,1,1,12,62,09/03/21
718,Saweetie,1617643191,434429071,65,0,4,23,53,02/05/22
719,Tee Grizzley,1617436989,139751443,129,0,3,24,109,05/12/21
720,Sting,1617243342,231599364,479,0,3,22,192,12/26/21
721,Yo Gotti,1612651009,1174641342,479,0,2,27,130,07/04/21
722,Los Tigres Del Norte,1612543190,141929772,629,0,0,34,233,09/06/21
723,Mon Laferte,1610959955,289774448,137,0,4,29,112,02/04/22
724,Gigi D'Agostino,1607853514,811917,423,1,2,7,29,07/02/21
725,Daya,1607179325,2013776145,44,0,4,17,38,12/29/21
726,Sean Kingston,1606272045,138827630,134,0,5,16,43,02/02/22
727,Eladio Carrion,1604802553,188838069,134,0,3,42,122,01/28/22
728,MKTO,1602315399,11891762,29,0,1,14,28,01/27/22
729,Ezhel,1600813126,163500914,60,0,1,45,56,01/16/22
730,Taio Cruz,1599916213,24566920,92,0,4,14,41,12/27/21
731,The Pussycat Dolls,1596525700,22224716,54,0,4,15,40,01/31/22
732,John Lennon,1593730862,5619348,351,0,3,20,81,12/09/21
733,Stromae,1592832884,60176835,46,0,4,22,36,01/17/22
734,Chayanne,1592266755,116607867,235,0,4,26,93,01/07/22
735,Gera MX,1590703057,383957886,161,0,1,43,138,01/05/22
736,Roxette,1590190541,301834,441,0,3,18,90,01/23/22
737,TKKG,1590067517,0,4763,0,0,0,28,01/02/21
738,Beret,1586857502,43424522,48,0,3,40,47,10/04/21
739,Kollegah,1584591974,94663622,551,0,0,39,289,10/14/21
740,Frédéric Chopin,1580987576,1163362,9790,0,0,20,229,08/06/21
741,Wale,1580208020,1154717634,238,0,3,33,130,01/05/21
742,Darell,1574554327,4304120013,126,0,4,29,87,11/17/21
743,AJ Tracey,1574189249,154919341,97,0,6,27,83,01/03/22
744,Summer Cem,1573975905,304963253,196,0,2,35,118,12/03/21
745,Conor Maynard,1573210113,290548203,128,0,3,37,81,07/10/21
746,Kylie Minogue,1565400726,113512582,890,0,2,33,161,01/29/22
747,Ruth B.,1564088082,4366567,48,0,4,13,31,01/25/22
748,fun.,1563903413,179922,26,0,3,16,25,09/22/21
749,Yung Gravy,1560336653,9378234,72,0,3,29,69,11/21/21
750,Ghostemane,1558303975,58519741,139,0,2,34,107,01/22/22
751,Brent Faiyaz,1553025081,685315426,47,0,5,30,47,01/04/22
752,Gente De Zona,1552539697,1252561307,111,0,3,20,76,09/23/21
753,Jasmine Thompson,1547569251,907334130,116,0,3,37,88,12/27/21
754,Nas,1546917718,652936327,302,0,2,32,163,01/06/21
755,Paul Simon,1545860530,70049410,429,0,3,20,106,12/24/21
756,Arcade Fire,1544493520,10763261,103,0,3,45,82,12/17/21
757,Lionel Richie,1543801038,48659300,289,0,6,17,67,02/03/22
758,Die drei !!!,1543605722,23498439,2798,0,0,0,58,10/09/21
759,Guaynaa,1541206062,88976740,60,0,5,16,39,11/06/21
760,Surfaces,1541200289,0,67,0,1,19,61,01/24/22
761,Jon Pardi,1538563400,135933304,64,0,4,20,48,02/01/22
762,Luísa Sonza,1538328054,7920031,64,0,3,33,52,01/26/22
763,Sufjan Stevens,1537720483,30503692,388,0,1,26,170,08/07/21
764,Chencho Corleone,1536842016,861600930,19,0,5,14,18,01/08/22
765,Bullet For My Valentine,1536671205,28839,172,0,2,38,95,01/19/22
766,Nina Simone,1533040654,19517279,540,0,2,22,131,01/27/22
767,Shania Twain,1532873671,199165937,167,0,4,23,95,12/27/21
768,The National,1532521751,81968174,210,0,1,44,138,02/03/22
769,Nipsey Hussle,1530645791,243087735,277,0,3,33,137,12/31/21
770,KSI,1530068366,25131124,114,0,1,37,87,12/23/21
771,beabadoobee,1529361620,8530835,57,1,1,9,46,12/12/21
772,Los Temerarios,1521220727,123656,322,0,0,48,130,12/12/21
773,Lily Allen,1520889484,314019737,115,0,3,23,78,02/02/22
774,Lee Brice,1514026248,12190065,94,0,6,14,65,09/03/21
775,*NSYNC,1512400731,20926301,92,0,5,16,70,02/05/22
776,Jack Ü,1509853886,912261,32,0,3,10,30,12/26/20
777,Mitski,1508496355,16193295,73,0,4,35,67,02/05/22
778,Felipe Araújo,1507060178,144991670,97,0,5,18,64,09/03/21
779,Rich Brian,1504329034,506667039,56,0,4,35,54,01/17/22
780,Wolfgang Amadeus Mozart,1499926731,4517918,12276,0,0,15,216,12/10/21
781,Cigarettes After Sex,1499760491,2475599,30,0,3,28,30,12/17/21
782,Yusuf / Cat Stevens,1499356330,16380259,277,0,3,18,62,12/24/21
783,Ice Cube,1494097969,176529482,265,0,3,20,145,01/28/21
784,Neil Young,1492248289,17581131,856,0,3,22,131,09/02/21
785,Kevin Roldan,1489016332,399120073,126,0,2,29,89,06/11/21
786,Internet Money,1487270931,240760241,40,0,3,10,23,09/08/21
787,Greeicy,1484779234,44053534,53,0,5,29,48,01/31/22
788,Dido,1481955257,5150938,196,0,3,14,81,02/04/22
789,Bea Miller,1477779026,1020485256,42,0,4,23,42,12/31/21
790,CRO,1475265559,154703547,147,0,1,36,118,01/15/22
791,Kiiara,1474960265,273631190,71,0,3,18,35,12/09/21
792,Martin Solveig,1474236399,1215667,247,0,5,16,60,02/12/21
793,Simple Plan,1468658373,1825700,119,0,4,29,88,11/19/21
794,Banda El Recodo,1464524587,1277033,550,0,1,36,155,02/24/21
795,will.i.am,1464072652,1916862436,99,0,4,14,43,12/30/21
796,Ramin Djawadi,1463572669,487083,945,0,1,28,252,01/01/22
797,Tears For Fears,1462819844,2338230,211,0,2,12,56,01/15/22
798,Yellow Claw,1460222344,76991831,238,0,2,30,115,07/09/21
799,IU,1459509942,64273510,165,0,2,29,90,02/04/22
800,Ferrugem,1451970050,261221335,150,0,1,33,111,12/04/21
801,Tina Turner,1450798288,21661158,253,0,5,16,75,02/02/22
802,Beastie Boys,1450301613,668673,306,0,3,20,158,12/26/21
803,Tracy Chapman,1449056504,78685603,102,0,4,14,88,01/30/22
804,Selena,1447606163,2274813,133,0,5,23,87,01/31/22
805,Brad Paisley,1444090352,54065740,233,0,1,34,126,11/05/21
806,Cyndi Lauper,1443798328,6576434,219,0,3,8,33,02/01/22
807,KALEO,1440760955,26658,27,0,3,19,25,12/27/21
808,WILLOW,1439608497,226071272,74,0,3,14,68,12/27/21
809,Jowell & Randy,1437376703,749282863,171,0,3,23,88,11/22/21
810,Olivia O'Brien,1434820794,1369199313,52,0,3,21,42,01/20/22
811,Granular,1434614692,0,432,0,2,19,69,03/05/21
812,Pineapple StormTv,1433855785,132014674,213,0,3,26,100,01/17/22
813,Audioslave,1433028723,0,58,0,5,16,47,02/05/22
814,Alex Rose,1427992828,417963769,61,0,3,24,56,07/07/21
815,Chelsea Cutler,1426164636,432991241,78,0,3,28,65,07/16/21
816,DJ Luian,1425231812,1986428348,52,0,4,15,41,02/22/21
817,Joaquín Sabina,1422454877,118190502,345,0,0,38,215,01/23/22
818,Electric Light Orchestra,1422261000,22736509,235,0,3,16,111,01/04/21
819,TOMORROW X TOGETHER,1420328418,0,58,0,3,38,54,02/05/22
820,DENNIS,1419916276,117580197,305,0,4,30,120,06/20/21
821,Natalia Lafourcade,1418040225,781127916,174,0,3,28,113,11/11/21
822,Mc Don Juan,1417882287,204494755,150,0,4,34,85,01/25/22
823,Lil Kleine,1414464211,319398817,120,0,0,41,88,01/29/22
824,Oh Wonder,1414394512,597850302,68,0,5,30,58,12/14/21
825,Tech N9ne,1413659255,538028931,451,0,0,27,219,10/08/21
826,Mambo Kingz,1409982433,1796968260,36,0,5,11,14,02/26/21
827,Sofía Reyes,1409442503,208693568,48,0,3,18,38,01/31/22
828,Baby Lullaby Academy,1409215562,30122083,2087,0,0,52,164,09/22/21
829,ZZ Top,1407338528,0,266,0,3,15,95,01/30/22
830,deadmau5,1406999842,88245746,433,0,1,27,188,07/24/21
831,BØRNS,1406826101,17219722,44,0,3,19,40,01/17/22
832,Lenny Kravitz,1406286716,44447299,269,0,4,19,96,01/13/22
833,Deftones,1403802898,136424,140,0,2,34,119,02/04/22
834,Tungevaag,1400559149,3724601,76,0,4,26,49,01/13/22
835,Brett Young,1398473369,15239416,60,0,4,18,40,11/20/21
836,The Goo Goo Dolls,1396855854,279713,248,0,2,13,69,03/23/21
837,LUDMILLA,1395901428,414857322,149,0,0,32,119,02/03/22
838,Mary J. Blige,1395839518,1938832832,372,0,2,26,139,02/05/22
839,Skepta,1395471515,1316004139,147,0,1,35,107,01/16/22
840,Kris Kross Amsterdam,1394452332,10578924,42,0,2,13,25,12/06/21
841,Jay Chou,1394403171,20862440,297,0,0,45,162,04/02/21
842,NCT 127,1394303305,42585589,126,0,0,38,96,02/05/22
843,Tom Walker,1391545813,90387030,82,0,3,20,54,09/20/21
844,La Adictiva Banda San José de Mesillas,1390733819,37897054,118,0,4,24,61,12/12/21
845,Santa Fe Klan,1388157319,373652846,194,0,2,34,111,01/25/22
846,Alina Baraz,1387776431,27621680,76,0,3,26,67,01/20/22
847,Blur,1385514224,17434,354,0,2,18,87,01/05/22
848,Lauren Daigle,1382314910,135808339,67,0,1,33,64,02/02/22
849,Mr. Probz,1378183383,227072647,36,0,2,11,30,09/03/21
850,YUNGBLUD,1367258954,366326991,77,0,2,32,60,10/17/21
851,TLC,1363580232,212947053,173,0,3,9,50,01/31/22
852,Tori Kelly,1362726072,476644890,100,0,3,23,79,01/10/22
853,Timbaland,1361230154,1884854413,162,0,4,14,60,01/25/22
854,Alvaro Soler,1360944048,30727530,91,0,2,16,61,01/01/22
855,Salmo,1359189476,566995386,149,0,1,30,93,02/02/22
856,Dennis Lloyd,1359049478,0,33,0,2,17,29,06/20/21
857,Willie Nelson,1357834751,211167459,1494,0,3,21,128,09/02/21
858,Cher,1357498331,12728697,395,0,2,18,67,02/05/22
859,Río Roma,1357476383,91319071,102,0,3,30,81,12/07/21
860,Wallows,1356392740,0,42,0,3,26,40,02/03/22
861,Spice Girls,1355665274,638078,105,0,2,11,36,02/04/22
862,Lalo Ebratt,1355512932,54847249,44,0,6,14,34,01/22/21
863,Juan Luis Guerra 4.40,1355215104,686514166,197,0,1,32,111,01/07/22
864,Angus & Julia Stone,1354613988,0,153,0,3,26,88,11/14/20
865,Gavin James,1353919817,52147623,105,0,3,26,80,02/19/21
866,Bing Crosby,1353425915,9003222,1203,0,2,23,68,01/05/21
867,Sasha Alex Sloan,1352174447,326906612,41,0,3,29,40,01/09/22
868,Natiruts,1351518170,18787586,211,0,1,36,152,12/04/21
869,Maggie Lindemann,1350568380,2583992,25,0,2,14,25,02/01/22
870,Will Smith,1346736771,29772595,86,0,4,15,45,10/27/21
871,Dadju,1342296409,415193548,90,0,1,34,89,12/02/21
872,Gustavo Cerati,1342097887,144988143,160,0,3,32,106,01/01/22
873,Lykke Li,1341816058,68879026,96,0,3,25,69,12/18/21
874,Emeli Sandé,1336395313,637494426,156,0,4,18,80,02/01/22
875,Jack & Jack,1333223893,43745345,44,0,2,15,42,08/30/21
876,Dominic Fike,1333020003,112141133,28,0,2,18,28,02/05/22
877,The Head And The Heart,1332727170,0,77,0,3,21,66,12/18/21
878,Lupe Fiasco,1332341715,234361123,168,0,3,19,119,01/13/22
879,Jeezy,1327116650,1246803557,599,0,1,26,179,08/29/21
880,Oliver Tree,1325146275,38047893,48,0,3,25,45,11/13/21
881,Capo Plaza,1324581130,641932876,67,0,1,37,60,12/18/21
882,ZHU,1323872029,48629702,110,0,2,31,82,12/27/21
883,Beck,1319503435,84684229,289,0,1,27,139,01/28/22
884,Pabllo Vittar,1318776681,286264878,119,0,2,32,67,01/02/22
885,The All-American Rejects,1318015214,0,86,0,4,8,61,02/05/22
886,Gustavo Mioto,1317266450,68520551,89,0,4,26,65,12/04/21
887,Lil Xan,1315933907,15365065,76,0,3,17,57,11/23/21
888,Pink Sweat$,1315775666,50344992,56,0,2,22,45,01/31/22
889,Diego & Victor Hugo,1312088436,14647082,119,0,5,19,79,01/24/22
890,Thiaguinho,1311765041,166121439,248,0,0,43,179,12/04/21
891,Matuê,1310902508,204776129,31,0,3,26,31,01/18/22
892,AURORA,1310465708,344956651,96,0,1,26,71,02/05/22
893,Supertramp,1308871801,33136,119,0,3,16,84,02/01/22
894,Pixies,1307132304,453088,819,0,3,15,97,02/05/22
895,Icona Pop,1306373255,210401424,117,0,3,18,60,01/28/22
896,Falling In Reverse,1305716985,0,64,0,2,33,63,01/09/22
897,Salaam Remi,1305008023,319781912,180,1,1,2,11,01/13/22
898,Jacquees,1297479191,264493433,118,0,2,20,96,01/14/22
899,Genesis,1295454874,658083,354,0,2,25,139,01/07/21
900,The Temptations,1294710510,63148864,723,0,3,12,54,01/11/22
901,Sin Bandera,1294370986,78541133,114,0,4,21,81,02/09/21
902,Vince Staples,1292675767,528746140,82,0,2,26,75,12/27/21
903,Evaluna Montaner,1290065093,117487472,45,0,4,6,24,02/03/22
904,Duke Dumont,1289398589,23657051,121,0,2,15,51,12/21/21
905,Talking Heads,1288941349,0,185,0,3,18,103,01/09/22
906,Brantley Gilbert,1288253176,100016251,112,0,2,30,82,09/03/21
907,Melim,1286791870,50445393,84,0,2,31,64,12/04/21
908,Johann Sebastian Bach,1285784532,998222,13624,0,0,13,172,12/10/21
909,Louis Armstrong,1285502051,12982577,1476,0,3,18,109,01/04/21
910,Snakehips,1284895360,87512393,64,0,3,17,45,02/27/21
911,Bruno Martini,1284419429,17263864,94,0,2,15,33,10/07/21
912,Foreigner,1283176952,292729,294,0,4,12,57,01/30/22
913,Nicki Nicole,1282626874,295602881,39,0,2,24,39,02/05/22
914,Counting Crows,1282259086,4093539,192,0,3,12,68,11/24/21
915,Oliver Heldens,1281119368,0,127,0,3,26,78,11/14/20
916,Grouplove,1280951574,4284177,111,0,2,15,67,12/27/21
917,NEFFEX,1280094835,0,156,0,2,27,139,05/14/21
918,Andrea Bocelli,1278707389,54470325,484,0,2,25,160,11/27/21
919,Simone & Simaria,1278346108,216150065,116,0,4,20,78,01/31/22
920,JID,1277052446,594717413,51,0,3,26,50,01/29/22
921,AWOLNATION,1277027784,30808417,116,0,1,19,69,12/27/21
922,Giveon,1274907485,1447655880,18,0,2,17,18,01/17/22
923,Dean Martin,1271240189,5961006,586,0,1,17,107,01/03/21
924,Benjamin Blümchen,1270296618,2187805,5668,0,0,2,41,10/09/21
925,Gloria Trevi,1268572639,143648478,272,0,1,29,124,02/05/22
926,Gemitaiz,1266288238,593315810,160,0,0,34,122,12/18/21
927,Megadeth,1265644863,0,421,0,1,19,180,02/03/22
928,MC Kevin o Chris,1265026634,308354254,170,0,3,26,91,10/30/21
929,Tinie Tempah,1264492695,429042133,127,0,3,21,63,09/03/21
930,Julieta Venegas,1264464401,578637506,147,0,5,16,84,02/05/22
931,Bunbury,1264052572,153201830,408,0,1,22,181,11/18/21
932,Chase Atlantic,1262783947,7662044,71,0,3,27,69,12/08/21
933,Ruel,1262024027,51318767,43,0,3,20,33,01/22/22
934,RIN,1261808825,59894250,78,0,1,31,72,01/20/22
935,Los Enanitos Verdes,1260653189,5203278,180,0,3,17,85,12/02/21
936,Empire of the Sun,1260338910,152059781,107,0,3,11,52,12/12/21
937,Lil Jon,1259193098,1536589891,142,0,3,15,49,09/02/21
938,Toby Keith,1257439909,18017157,292,0,3,21,84,09/02/21
939,Burna Boy,1256402442,1273711775,157,0,3,33,86,01/27/22
940,Brett Eldredge,1253150709,0,93,0,3,17,68,01/01/22
941,Junior H,1252652168,199828838,81,0,3,29,77,12/19/21
942,A Tribe Called Quest,1252612663,2409663,180,0,1,32,108,12/26/21
943,Juicy J,1250538324,2951000597,334,0,2,27,85,12/30/20
944,Official HIGE DANdism,1250056716,89753,128,0,4,21,64,01/17/22
945,Dynoro,1249862868,0,14,0,1,7,13,11/17/20
946,Marracash,1249512603,386637841,195,0,0,39,113,02/02/22
947,Missy Elliott,1248442633,1213608771,136,0,4,20,60,02/03/22
948,Chris Young,1247645486,0,92,0,3,20,68,11/14/20
949,Frenna,1244134617,321896243,145,0,0,39,108,12/06/21
950,Laura Pausini,1240778387,266242602,437,0,0,23,165,01/28/22
951,ONE OK ROCK,1240194759,2650929,116,0,0,39,107,01/17/22
952,Leonard Cohen,1239877367,2999968,386,0,0,31,182,01/29/22
953,Los Bukis,1238840274,6645445,245,0,0,43,100,09/24/21
954,Ultimo,1238459724,72167678,62,0,0,34,62,02/05/22
955,Foals,1238093216,1315605,164,0,2,31,77,12/15/21
956,Kina,1237030469,2962492,31,0,2,9,21,05/29/21
957,Death Cab for Cutie,1235744653,31552024,219,0,1,29,118,01/21/22
958,Sam Cooke,1234057665,398630,354,0,3,12,73,12/24/21
959,Hungria Hip Hop,1233176813,69096039,63,0,1,37,59,12/04/21
960,The Score,1232564626,979362,60,0,2,25,57,10/28/21
961,Alanis Morissette,1231212262,214020,273,0,3,17,97,01/02/22
962,KC Rebell,1231160950,312127837,249,0,0,32,119,12/03/21
963,Seether,1230727184,116581,169,0,3,23,103,12/27/20
964,HONNE,1229848408,14542144,122,0,2,29,85,12/18/21
965,Pantera,1229462908,17394,170,0,3,17,87,01/13/22
966,Tyler Childers,1228765248,21819780,61,0,2,33,57,01/11/22
967,Max Richter,1225348164,33749,904,0,0,18,161,02/26/21
968,Showtek,1223338892,66492313,247,0,2,19,69,02/26/21
969,Kelsea Ballerini,1223168569,571625924,74,0,1,23,59,01/21/22
970,James Blake,1223006573,598766856,117,0,2,31,100,02/02/22
971,Craig David,1222681022,82078053,162,0,1,19,88,11/08/21
972,Cash Cash,1222618389,88365145,133,0,3,22,63,02/26/21
973,SCH,1222453727,528534836,111,0,0,42,110,12/02/21
974,Dustin Lynch,1221975887,8764477,75,0,3,15,62,11/13/21
975,Timmy Trumpet,1221086680,73893196,149,0,1,25,81,02/26/21
976,Intocable,1220814315,17782991,304,0,2,29,163,06/27/21
977,M.I.A.,1220685775,168940739,116,0,3,11,75,01/18/22
978,Gzuz,1220144520,1554853171,95,0,0,35,92,01/27/22
979,MadeinTYO,1219806119,481649702,112,0,4,17,58,12/12/21
980,a-ha,1218091808,11723,350,0,1,10,65,01/03/21
981,Daughtry,1215090026,1852975,123,0,2,19,91,10/04/21
982,Ben&Ben,1214241233,15345817,53,0,3,25,48,01/23/22
983,Camila,1210015690,45300205,98,0,3,20,69,02/26/21
984,Canserbero,1206542234,12660844,90,0,1,30,84,12/19/21
985,Lindsey Stirling,1206114985,232317140,104,0,0,43,99,02/05/22
986,Chet Faker,1204527659,59961813,52,0,4,23,41,12/27/21
987,Eurythmics,1203980927,11433188,216,0,1,11,38,12/11/21
988,Beach House,1202808418,1823052,101,0,1,25,89,01/24/22
989,Otis Redding,1202718503,96674731,273,0,2,16,85,12/17/20
990,A R I Z O N A,1202055144,70458524,61,0,2,21,48,09/10/21
991,Micro TDH,1201107131,30946877,69,0,1,12,50,12/31/21
992,Petit Biscuit,1199615143,18677227,84,0,1,20,51,04/07/21
993,The Kinks,1192307024,0,684,0,4,12,73,01/22/22
994,Chicago,1192237080,5105,689,0,3,10,54,01/27/22
995,Jamiroquai,1191291177,5559725,241,0,1,23,119,02/02/22
996,Dave Matthews Band,1191228948,12494077,976,0,1,23,151,10/27/21
997,MF DOOM,1190155840,84749542,423,0,0,25,155,01/13/22
998,Jake Owen,1189060122,30523629,90,0,2,16,71,09/03/21
999,No Doubt,1187404815,276817,121,0,2,14,56,02/05/22
1000,Wu-Tang Clan,1187400020,11075579,347,0,1,16,119,06/19/21
